Workbook

Sheet 골든셋
A1: Question ID | B1: citation_id | C1: 유형 | D1: 유형명 | E1: answer_type | F1: 질문 | G1: 정답(+필수요소) | H1: 근거 원문 발췌 | I1: source/resource | J1: source_location | K1: acl_level | L1: product | M1: feature | N1: 원천유형 | O1: 난이도 | P1: 검증 상태
A2: RC-GS-00001 | B2: RC-SPEC-FUNC-001 | C2: G | D2: 경계·조건 | E2: single | F2: 제어 설정 기능은 어떤 플랫폼·조건에서 지원/제한되나요? | G2: 필수: 제어 설정 → Win=O·Mac=O·Mac→Win=O·Mac→Mac=O·Lin=X·Mac→Lin=X (핵심 누락·오류 시 0점) | H2: Agent > PC 지원 — 제어 설정 지원 매트릭스: Win to Win=O; Win to Mac=O; Mac to Win=O; Mac to Mac=O; Win to Linux=X; Mac to Linux=X | I2: RC_RAG_AI_file/사양서/[RemoteCall 7.0] Products Specification_v1.7.xlsx | J2: RC7.0 제품 기능표!행5 (Agent > PC 지원 / 시스템 / 제어 설정) | K2: 회사 | L2: RemoteCall | M2: 제어 설정 | N2: Spec | O2: 상 | P2: 초안
A3: RC-GS-00002 | B3: RC-SPEC-FUNC-002 | C3: G | D3: 경계·조건 | E3: single | F3: - 네트워크 모드(일반/고속) 기능은 어떤 플랫폼·조건에서 지원/제한되나요? | G3: 필수: - 네트워크 모드(일반/고속) → Win=O·Mac=O·Mac→Win=O·Mac→Mac=O·Lin=X·Mac→Lin=X (핵심 누락·오류 시 0점) | H3: Agent > PC 지원 — - 네트워크 모드(일반/고속) 지원 매트릭스: Win to Win=O; Win to Mac=O; Mac to Win=O; Mac to Mac=O; Win to Linux=X; Mac to Linux=X | I3: RC_RAG_AI_file/사양서/[RemoteCall 7.0] Products Specification_v1.7.xlsx | J3: RC7.0 제품 기능표!행6 (Agent > PC 지원 / 시스템 / - 네트워크 모드(일반/고속)) | K3: 회사 | L3: RemoteCall | M3: - 네트워크 모드(일반/고속) | N3: Spec | O3: 상 | P3: 초안
A4: RC-GS-00003 | B4: RC-SPEC-FUNC-003 | C4: G | D4: 경계·조건 | E4: single | F4: - 제어모드(고속/그래픽) 기능은 어떤 플랫폼·조건에서 지원/제한되나요? | G4: 필수: - 제어모드(고속/그래픽) → Win=O·Mac=X·Mac→Win=O·Mac→Mac=O·Lin=X·Mac→Lin=X (핵심 누락·오류 시 0점) | H4: Agent > PC 지원 — - 제어모드(고속/그래픽) 지원 매트릭스: Win to Win=O; Win to Mac=X; Mac to Win=O; Mac to Mac=O; Win to Linux=X; Mac to Linux=X | I4: RC_RAG_AI_file/사양서/[RemoteCall 7.0] Products Specification_v1.7.xlsx | J4: RC7.0 제품 기능표!행7 (Agent > PC 지원 / 시스템 / - 제어모드(고속/그래픽)) | K4: 회사 | L4: RemoteCall | M4: - 제어모드(고속/그래픽) | N4: Spec | O4: 상 | P4: 초안
A5: RC-GS-00004 | B5: RC-SPEC-FUNC-004 | C5: G | D5: 경계·조건 | E5: single | F5: - 화면색상(4 / 256 / True color) 기능은 어떤 플랫폼·조건에서 지원/제한되나요? | G5: 필수: - 화면색상(4 / 256 / True → Win=O·Mac=O·Mac→Win=O·Mac→Mac=O·Lin=X·Mac→Lin=X (핵심 누락·오류 시 0점) | H5: Agent > PC 지원 — - 화면색상(4 / 256 / True color) 지원 매트릭스: Win to Win=O; Win to Mac=O; Mac to Win=O; Mac to Mac=O; Win to Linux=X; Mac to Linux=X | I5: RC_RAG_AI_file/사양서/[RemoteCall 7.0] Products Specification_v1.7.xlsx | J5: RC7.0 제품 기능표!행8 (Agent > PC 지원 / 시스템 / - 화면색상(4 / 256 / True color)) | K5: 회사 | L5: RemoteCall | M5: - 화면색상(4 / 256 / True color) | N5: Spec | O5: 상 | P5: 초안
A6: RC-GS-00005 | B6: RC-SPEC-FUNC-005 | C6: G | D6: 경계·조건 | E6: single | F6: - 원격 해상도 기능은 어떤 플랫폼·조건에서 지원/제한되나요? | G6: 필수: - 원격 해상도 → Win=O·Mac=X·Mac→Win=O·Mac→Mac=X·Lin=X·Mac→Lin=X (핵심 누락·오류 시 0점) | H6: Agent > PC 지원 — - 원격 해상도 지원 매트릭스: Win to Win=O; Win to Mac=X; Mac to Win=O; Mac to Mac=X; Win to Linux=X; Mac to Linux=X | I6: RC_RAG_AI_file/사양서/[RemoteCall 7.0] Products Specification_v1.7.xlsx | J6: RC7.0 제품 기능표!행9 (Agent > PC 지원 / 시스템 / - 원격 해상도) | K6: 회사 | L6: RemoteCall | M6: - 원격 해상도 | N6: Spec | O6: 상 | P6: 초안
A7: RC-GS-00006 | B7: RC-SPEC-FUNC-006 | C7: G | D7: 경계·조건 | E7: single | F7: - 화면 스크롤 기능은 어떤 플랫폼·조건에서 지원/제한되나요? | G7: 필수: - 화면 스크롤 → Win=O·Mac=O·Mac→Win=O·Mac→Mac=O·Lin=X·Mac→Lin=X (핵심 누락·오류 시 0점) | H7: Agent > PC 지원 — - 화면 스크롤 지원 매트릭스: Win to Win=O; Win to Mac=O; Mac to Win=O; Mac to Mac=O; Win to Linux=X; Mac to Linux=X | I7: RC_RAG_AI_file/사양서/[RemoteCall 7.0] Products Specification_v1.7.xlsx | J7: RC7.0 제품 기능표!행10 (Agent > PC 지원 / 시스템 / - 화면 스크롤) | K7: 회사 | L7: RemoteCall | M7: - 화면 스크롤 | N7: Spec | O7: 상 | P7: 초안
A8: RC-GS-00007 | B8: RC-SPEC-FUNC-007 | C8: G | D8: 경계·조건 | E8: single | F8: - 동시제어 기능은 어떤 플랫폼·조건에서 지원/제한되나요? | G8: 필수: - 동시제어 → Win=O·Mac=O·Mac→Win=X·Mac→Mac=X·Lin=X·Mac→Lin=X (핵심 누락·오류 시 0점) | H8: Agent > PC 지원 — - 동시제어 지원 매트릭스: Win to Win=O; Win to Mac=O; Mac to Win=X; Mac to Mac=X; Win to Linux=X; Mac to Linux=X | I8: RC_RAG_AI_file/사양서/[RemoteCall 7.0] Products Specification_v1.7.xlsx | J8: RC7.0 제품 기능표!행11 (Agent > PC 지원 / 시스템 / - 동시제어) | K8: 회사 | L8: RemoteCall | M8: - 동시제어 | N8: Spec | O8: 상 | P8: 초안
A9: RC-GS-00008 | B9: RC-SPEC-FUNC-008 | C9: G | D9: 경계·조건 | E9: single | F9: - 키보드 드라이버 모드 기능은 어떤 플랫폼·조건에서 지원/제한되나요? | G9: 필수: - 키보드 드라이버 모드 → Win=O·Mac=X·Mac→Win=X·Mac→Mac=X·Lin=X·Mac→Lin=X (핵심 누락·오류 시 0점) | H9: Agent > PC 지원 — - 키보드 드라이버 모드 지원 매트릭스: Win to Win=O; Win to Mac=X; Mac to Win=X; Mac to Mac=X; Win to Linux=X; Mac to Linux=X | I9: RC_RAG_AI_file/사양서/[RemoteCall 7.0] Products Specification_v1.7.xlsx | J9: RC7.0 제품 기능표!행12 (Agent > PC 지원 / 시스템 / - 키보드 드라이버 모드) | K9: 회사 | L9: RemoteCall | M9: - 키보드 드라이버 모드 | N9: Spec | O9: 상 | P9: 초안
A10: RC-GS-00009 | B10: RC-SPEC-FUNC-009 | C10: G | D10: 경계·조건 | E10: single | F10: - Anti-Aliasing 기능은 어떤 플랫폼·조건에서 지원/제한되나요? | G10: 필수: - Anti-Aliasing → Win=X·Mac=X·Mac→Win=O·Mac→Mac=O·Lin=X·Mac→Lin=X (핵심 누락·오류 시 0점) | H10: Agent > PC 지원 — - Anti-Aliasing 지원 매트릭스: Win to Win=X; Win to Mac=X; Mac to Win=O; Mac to Mac=O; Win to Linux=X; Mac to Linux=X | I10: RC_RAG_AI_file/사양서/[RemoteCall 7.0] Products Specification_v1.7.xlsx | J10: RC7.0 제품 기능표!행13 (Agent > PC 지원 / 시스템 / - Anti-Aliasing) | K10: 회사 | L10: RemoteCall | M10: - Anti-Aliasing | N10: Spec | O10: 상 | P10: 초안
A11: RC-GS-00010 | B11: RC-SPEC-FUNC-010 | C11: G | D11: 경계·조건 | E11: single | F11: 음성채팅 설정 기능은 어떤 플랫폼·조건에서 지원/제한되나요? | G11: 필수: 음성채팅 설정 → Win=O·Mac=O·Mac→Win=O·Mac→Mac=X·Lin=X (핵심 누락·오류 시 0점) | H11: Agent > PC 지원 — 음성채팅 설정 지원 매트릭스: Win to Win=O; Win to Mac=O; Mac to Win=O; Mac to Mac=X; Win to Linux=X | I11: RC_RAG_AI_file/사양서/[RemoteCall 7.0] Products Specification_v1.7.xlsx | J11: RC7.0 제품 기능표!행14 (Agent > PC 지원 / 시스템 / 음성채팅 설정) | K11: 회사 | L11: RemoteCall | M11: 음성채팅 설정 | N11: Spec | O11: 상 | P11: 초안
A12: RC-GS-00011 | B12: RC-SPEC-FUNC-011 | C12: G | D12: 경계·조건 | E12: single | F12: 항상 위 기능은 어떤 플랫폼·조건에서 지원/제한되나요? | G12: 필수: 항상 위 → Win=O·Mac=O·Mac→Win=O·Mac→Mac=O·Lin=X·Mac→Lin=X (핵심 누락·오류 시 0점) | H12: Agent > PC 지원 — 항상 위 지원 매트릭스: Win to Win=O; Win to Mac=O; Mac to Win=O; Mac to Mac=O; Win to Linux=X; Mac to Linux=X | I12: RC_RAG_AI_file/사양서/[RemoteCall 7.0] Products Specification_v1.7.xlsx | J12: RC7.0 제품 기능표!행15 (Agent > PC 지원 / 시스템 / 항상 위) | K12: 회사 | L12: RemoteCall | M12: 항상 위 | N12: Spec | O12: 상 | P12: 초안
... A1243: RC-GS-01242 | B1243: RC-MANUAL-SDK-020 | C1243: A | D1243: 단순조회 | E1243: single | F1243: 별첨,용어설명 방법(또는 내용)은 무엇인가요? | G1243: 필수: 용어설명 userId 고객사 상담원의 고유키 sdkLoginAccessToken 웹뷰어 sdk 검증 위한 토큰 requestId SDK api 이력용 고유키 sss 웹뷰어 화면 공유 타입 locale 웹뷰어 언어 지 (핵심 누락·오류 시 0점) | H1243: 용어설명 userId 고객사 상담원의 고유키 sdkLoginAccessToken 웹뷰어 sdk 검증 위한 토큰 requestId SDK api 이력용 고유키 sss 웹뷰어 화면 공유 타입 locale 웹뷰어 언어 지원 KoreaJapanChina 05203 서울시 강동구 고덕비즈밸리로 北京市朝阳区阜通东大街6号 〒105-0021 東京都港区東新橋2-3-3 가길고덕동方恒国际A座2708 2 12 ( … | I1243: RC_RAG_AI_file/매뉴얼/RemoteCall-WebViewer-SDK-Intergration-Guide-Ko.pdf | J1243: RemoteCall-WebViewer-SDK-Intergration-Guide-Ko.pdf / p.23 / 별첨,용어설명 | K1243: 회사 | L1243: RemoteCall | M1243: 별첨,용어설명 | N1243: Manual | O1243: 중 | P1243: 초안

Sheet 분포요약
A1: RemoteCall 골든셋 초안 — 분포 요약
A2: 대상: 통합정본 미검토 1242단위(사양서·매뉴얼·KI). 헬프데스크 제외. 전부 검증상태=초안.
A4: 유형 | B4: 유형명 | C4: 건수 | D4: 비율% | E4: 목표/규칙
A5: A | B5: 단순조회 | C5: =COUNTIF(골든셋!C2:C1243,"A") | D5: =ROUND(COUNTIF(골든셋!C2:C1243,"A")/1242*100,1) | E5: ≤60%
A6: B | B6: 통계 | C6: =COUNTIF(골든셋!C2:C1243,"B") | D6: =ROUND(COUNTIF(골든셋!C2:C1243,"B")/1242*100,1) | E6: 통계
A7: C | B7: 비교 | C7: =COUNTIF(골든셋!C2:C1243,"C") | D7: =ROUND(COUNTIF(골든셋!C2:C1243,"C")/1242*100,1) | E7: 비교
A8: D | B8: 멀티홉 | C8: =COUNTIF(골든셋!C2:C1243,"D") | D8: =ROUND(COUNTIF(골든셋!C2:C1243,"D")/1242*100,1) | E8: 절차
A9: E | B9: 무응답/미지원 | C9: =COUNTIF(골든셋!C2:C1243,"E") | D9: =ROUND(COUNTIF(골든셋!C2:C1243,"E")/1242*100,1) | E9: 15~20%
A10: F | B10: 거버넌스(권한) | C10: =COUNTIF(골든셋!C2:C1243,"F") | D10: =ROUND(COUNTIF(골든셋!C2:C1243,"F")/1242*100,1) | E10: >0 필수
A11: G | B11: 경계·조건 | C11: =COUNTIF(골든셋!C2:C1243,"G") | D11: =ROUND(COUNTIF(골든셋!C2:C1243,"G")/1242*100,1) | E11: 경계 강조
A12: 합계 | C12: =SUM(C5:C11)
A14: 원천유형별 | B14: 건수 | D14: 난이도별 | E14: 건수
A15: Spec | B15: =COUNTIF(골든셋!M2:M1243,"Spec") | D15: 상 | E15: =COUNTIF(골든셋!N2:N1243,"상")
A16: KnownIssue | B16: =COUNTIF(골든셋!M2:M1243,"KnownIssue") | D16: 중 | E16: =COUNTIF(골든셋!N2:N1243,"중")
A17: Manual | B17: =COUNTIF(골든셋!M2:M1243,"Manual") | D17: 하 | E17: =COUNTIF(골든셋!N2:N1243,"하")
A20: 규칙 준수 확인 (v2)
A21: · A형 579건 46.6% ≤ 60% → OK
A22: · F형 125건 > 0 (권한 의무) → OK
A23: · answer_type: single 1068 / multi_equivalent 174 (전건 채움)
A24: · 정답 최대 길이 140자 (<150 목표) → OK
A25: · citation_id ↔ Unit ID join: 미매칭 0
A26: · E형(무응답) 0건 — ★근거있는 197건은 G/A로 재분류(수정2). true-E는 grounded 단위에서 나올 수 없음.
A27: → 무응답함정 15~20% 필요 시, 코퍼스 "공백"에서 별도 저작(단위 1:1 아님) 필요 = 다음 배치 제안.

Sheet STAGE2_검증핸드오프
A1: STAGE ② 검증 핸드오프 (자기검증 금지 — 런북 6-2)
A3: 이 골든셋은 Claude(Opus)가 생성했습니다. 런북 6-2에 따라 Claude가 자기 산출물을 검증하면 안 됩니다.
A4: 검증은 아래 두 축을 반드시 다른 주체가 수행합니다.
A6: [6-1] 1축 — 발췌 grounding (자동, API키 불필요)
A7: python check_grounding.py --goldenset 이파일.xlsx --corpus RC_RAG_AI_file/ --viewer out/viewer.html
A8: · 완료/미정/탈락 판정. 탈락=원문에 발췌 없음(환각) → 발췌 교정/폐기.
A9: · ★사양서(기능표/OS/HW/Admin) 발췌는 "셀 값" 기반(연속 산문 아님) — verifier를 셀 매칭 모드로 돌릴 것.
A10: 매뉴얼 발췌는 PDF 본문 연속 문자열이라 Ctrl+F 매칭 가능.
A12: [6-2] 2축 — 정답 타당성·날조 판단 (다른 모델: GPT 또는 제미나이)
A13: 줄 것: 검증 규칙서 v2.4(또는 judge_v1.md) + 이 골든셋 + 통합정본 커버리지맵 + 원본 문서.
A14: 판정: 정답이 원문 사실과 일치하는가 / 질문이 자연스러운가 / 유형·난이도 타당한가 / 발췌가 답을 지지하는가.
A16: [유형별 검증 주의]
... A26: 4. citation join으로 커버리지맵 상태 파생: 통과 문항의 단위는 커버됨으로 갱신.
